رادین,015-38010491,rdyn.slry@example.com
Ben,05-7330-3431,ben.warren@example.com
Georgia,06-4941-6381,georgia.banks@example.com
Henry,051-992-4259,henry.carlson@example.com
Tara,00-6358-9064,tara.banks@example.com
Juho,07-356-005,juho.sippola@example.com
Deanna,05-7865-4524,deanna.hayes@example.com
Tabe,(945)-516-7535,tabe.rooks@example.com
Emilia,961-677-121,emilia.lorenzo@example.com
Vadim,0965-9706763,vadim.kugler@example.com
Anni,04-677-899,anni.raisanen@example.com
زهرا,071-62931222,zhr.prs@example.com
Jimmie,(725)-902-7881,jimmie.snyder@example.com
Ava,647-465-9058,ava.roy@example.com
Gerard,0152-3107917,gerard.kreutz@example.com
Hanna,015395 77485,hanna.cooper@example.com
Jonas,077 068 83 34,jonas.fabre@example.com
Emile,200-740-5854,emile.fortin@example.com
Emeli,50682458,emeli.lehn@example.com
Sander,47492159,sander.hansen@example.com